name,,email,phone
Kay Garrison,Pediatrician,proin.dolor@yahoo.couk,1-428-892-8600
Chaney Faulkner,Neurologist,amet.risus.donec@hotmail.edu,1-426-916-1118
Phelan Washington,Cardiologist,ac.metus@protonmail.couk,422-5684
Ralph Frank,Endocrinologist,quisque.porttitor.eros@protonmail.edu,845-3912
Kane Underwood,Neonatologist,et.arcu@icloud.net,1-891-251-6475
Orla Lindsay,ENT,nec.ante@hotmail.edu,1-361-713-8117
Lucius Zimmerman,Cardiologist,libero@hotmail.ca,497-6484
Carlos Lott,Gastroenterologist,dolor.fusce.mi@outlook.net,1-258-518-8696
Ethan Sanders,Cardiologist,adipiscing.elit@google.com,227-9184
Lesley York,Neurologist,nec.cursus@outlook.ca,423-7761
Tallulah Bradford,Cardiologist,mollis.phasellus@protonmail.com,1-762-343-6256
Kristen Jennings,Cardiologist,porttitor.tellus@aol.ca,1-643-577-8136
Aquila Newman,Cardiologist,elit.pretium.et@google.ca,1-244-941-6721
Seth Lang,Cardiologist,ac.tellus@protonmail.couk,342-9138
Rhoda Eaton,Cardiologist,sem.ut@protonmail.net,1-527-147-4826
Vielka Montoya,Cardiologist,praesent.eu@protonmail.org,1-778-605-5443
Sybill Levine,Cardiologist,donec.tempus.lorem@aol.edu,1-561-336-5524
Brynn Chandler,Cardiologist,neque.vitae@hotmail.com,388-8335
Grady Savage,Cardiologist,nunc.mauris@yahoo.com,816-7132
Ross Wagner,Cardiologist,sapien.imperdiet@icloud.edu,297-5204
Pearl Fitzpatrick,Cardiologist,sed.est@outlook.edu,1-752-966-3961
Tatyana Buchanan,Cardiologist,quis.arcu@protonmail.ca,230-5993
Barry Olsen,Cardiologist,in@icloud.edu,1-512-413-5797
Caryn Camacho,Cardiologist,tellus.non.magna@outlook.com,1-377-453-1865
Ori Hunt,Cardiologist,egestas@protonmail.com,1-865-743-3182
James Stevenson,Cardiologist,pede.blandit.congue@aol.edu,1-246-177-4225
Aurora Baxter,Cardiologist,a@aol.org,1-357-428-1163
Delilah Wheeler,Cardiologist,lacus.quisque@hotmail.com,426-5882
Cora Meadows,Cardiologist,adipiscing.ligula.aenean@icloud.net,1-562-846-3646
Savannah Reyes,Cardiologist,ut.semper@icloud.couk,395-2523
MacKensie Watkins,Cardiologist,luctus@protonmail.net,374-9311
Mufutau Sheppard,Cardiologist,sem.elit.pharetra@icloud.com,1-530-977-5121
Ursa Allen,Cardiologist,tincidunt.dui@google.edu,559-6889
Hector Duran,Cardiologist,urna.ut.tincidunt@hotmail.ca,231-0763
Brendan Simmons,Cardiologist,elit@aol.org,880-5272
Simone Fields,Cardiologist,ligula.nullam@hotmail.net,1-429-257-9322
Carson Henderson,Cardiologist,ipsum.phasellus.vitae@protonmail.ca,674-9574
Josiah Brennan,Cardiologist,nulla.cras@icloud.net,804-7776
Frances Noel,Cardiologist,sit.amet.lorem@aol.couk,617-6615
Minerva Fox,Cardiologist,ridiculus.mus@protonmail.ca,1-437-187-7497
Adele Price,Cardiologist,risus.donec@icloud.net,1-872-128-3372
Zeph Taylor,Cardiologist,mattis@hotmail.org,289-7477
Fritz Boone,Cardiologist,sit@outlook.couk,734-0651
Rose Barlow,Cardiologist,non.sollicitudin.a@outlook.com,1-262-616-1637
Sage Nolan,Cardiologist,id@protonmail.net,574-1447
Margaret Shaw,Cardiologist,suspendisse.dui@outlook.couk,834-7777
Xaviera Head,Cardiologist,semper.tellus@hotmail.com,419-1226
Sawyer Gallegos,Cardiologist,purus.accumsan@aol.org,303-5847
Richard Meyers,Cardiologist,neque@icloud.net,919-6824
Acton Lloyd,Cardiologist,lorem.eget@aol.couk,1-177-151-4218
May Murphy,Cardiologist,dictum@outlook.couk,1-700-365-5889
Heather Bishop,Cardiologist,tempus.eu@google.couk,1-395-253-4374
Bo Bailey,Cardiologist,dui.fusce@icloud.org,218-2687
Helen Wiley,Cardiologist,vitae.diam.proin@protonmail.org,1-441-525-8384
Griffith Newton,Cardiologist,eu.erat.semper@icloud.net,1-854-234-4669
Desirae Castaneda,Cardiologist,lobortis@outlook.org,1-741-444-8096
Amela Savage,Cardiologist,aliquam@protonmail.couk,1-640-840-8612
Mufutau Dorsey,Cardiologist,donec.tempus@protonmail.couk,751-9859
Emery Price,Cardiologist,ac.turpis@icloud.com,813-3895
Leonard Hunt,Cardiologist,praesent.eu@google.ca,456-9143
Neil Johns,Cardiologist,magna.et.ipsum@icloud.com,936-2276
Vanna Conley,Cardiologist,in.dolor@yahoo.ca,292-9641
Clark Terry,Cardiologist,nunc.ac.sem@yahoo.ca,1-334-253-4883
Boris Hess,Cardiologist,nunc.lectus.pede@icloud.edu,1-584-480-6466
TaShya Parker,Cardiologist,rhoncus.donec.est@protonmail.net,1-815-657-5240
Lenore Norton,Cardiologist,sem.elit@hotmail.couk,1-633-318-5748
Leroy Pearson,Cardiologist,inceptos.hymenaeos@protonmail.couk,381-8151
Blaze Beard,Cardiologist,sit.amet@google.couk,236-8812
Jasper Franco,Cardiologist,mauris.elit@aol.com,544-6370
Cadman Deleon,Cardiologist,egestas.aliquam.nec@yahoo.couk,415-8728
Grace Morrison,Cardiologist,dapibus.ligula@google.edu,1-739-759-2953
Irene Wallace,Cardiologist,volutpat.nunc@aol.ca,245-3016
Tara Olsen,Cardiologist,feugiat.nec.diam@icloud.edu,1-668-417-1988
Kane Henry,Cardiologist,proin.velit@yahoo.com,1-147-558-1776
Clementine Good,Cardiologist,blandit.at@aol.org,1-947-507-5180
Daryl Bright,Cardiologist,mauris@hotmail.edu,328-7745
Reed Rutledge,Cardiologist,faucibus@aol.org,529-7155
Mariam Harris,Cardiologist,cras.sed@outlook.net,1-471-786-6671
Chiquita Buckley,Cardiologist,varius.ultrices@google.net,1-525-377-0902
Kane Clay,Cardiologist,in.faucibus@hotmail.net,289-9425
Drew Powers,Cardiologist,mollis.duis.sit@yahoo.net,984-3712
Yoko Cole,Cardiologist,nibh.vulputate@google.com,1-514-326-2446
Keegan Middleton,Cardiologist,odio@google.ca,737-6152
Drake Osborne,Cardiologist,suscipit.nonummy@outlook.com,1-504-467-1113
Angelica Norman,Cardiologist,nec.luctus@aol.org,135-8836
Mara Greene,Cardiologist,facilisi.sed@google.couk,1-837-925-5457
Keelie Fisher,Cardiologist,etiam.vestibulum@protonmail.org,1-493-701-0632
Rigel Roach,Cardiologist,risus.nunc.ac@google.ca,1-703-870-6063
Nissim Charles,Cardiologist,sem.eget.massa@google.net,835-6776
Zahir Kim,Cardiologist,non.enim@hotmail.org,405-2251
Tatyana Dillard,Cardiologist,convallis.ligula@outlook.ca,1-924-677-9910
Flavia Stein,Cardiologist,ligula@google.edu,554-3478
Charlotte Horn,Cardiologist,integer@icloud.com,1-278-383-3608
Jamalia Olson,Cardiologist,porttitor.eros@icloud.org,314-2813
Price Beard,Cardiologist,luctus.sit@aol.ca,1-831-845-1187
Cadman Nelson,Cardiologist,sit.amet@outlook.couk,1-331-366-2538
Emery Wooten,Cardiologist,tristique@hotmail.org,762-8838
Aladdin Mcfadden,Cardiologist,duis.elementum@yahoo.ca,1-294-912-1391
Sasha Diaz,Cardiologist,volutpat@yahoo.ca,1-952-563-5474
Urielle Burton,Cardiologist,tempor.augue@outlook.net,933-2483
Octavia Jacobs,Cardiologist,vel.nisl.quisque@aol.edu,1-642-295-2465
Clarke Wright,Cardiologist,non.cursus@yahoo.com,331-6931
Miranda Stout,Cardiologist,urna@outlook.couk,1-286-512-4151
Malachi Price,Cardiologist,venenatis.lacus@protonmail.com,432-8658
Noel Cardenas,Cardiologist,netus@outlook.couk,1-415-524-2837
Dane Garner,Cardiologist,ante.nunc@icloud.couk,1-642-329-1564
Ulla Curtis,Cardiologist,a@yahoo.net,873-8663
William Hoffman,Cardiologist,tempor.est@outlook.com,525-2828
Candace Rollins,Cardiologist,semper.tellus.id@outlook.edu,1-335-344-5092
Dalton Bullock,Cardiologist,sed.nulla@icloud.net,695-7933
Orli Conley,Cardiologist,nulla@icloud.net,816-5880
Vincent House,Cardiologist,molestie.arcu.sed@protonmail.org,1-623-965-6683
Brent Fowler,Cardiologist,luctus.aliquet.odio@google.edu,1-454-878-0134
Courtney Montoya,Cardiologist,dapibus@yahoo.org,1-773-217-7528
Tarik Terry,Cardiologist,sollicitudin.a@hotmail.couk,271-2343
Olivia Bryan,Cardiologist,in@google.net,432-9901
Marsden Calderon,Cardiologist,euismod.ac.fermentum@protonmail.net,843-1457
Emerson Rich,Cardiologist,non.sapien.molestie@hotmail.edu,774-4342
Reed Parker,Cardiologist,turpis@yahoo.ca,1-751-238-5386
Shad Curry,Cardiologist,vitae.posuere.at@icloud.com,1-423-334-5881
Ina Erickson,Endocrinologist,at.fringilla.purus@hotmail.edu,591-4591
Emily Hebert,Endocrinologist,ipsum.curabitur@icloud.com,478-1523
Cameron Vance,Endocrinologist,velit.quisque@outlook.org,672-8463
Brielle Hood,Endocrinologist,aliquet@hotmail.edu,1-887-757-3174
Ori Guerrero,Endocrinologist,donec.feugiat.metus@google.net,1-448-751-5724
Alma Romero,Endocrinologist,dictum.mi.ac@outlook.ca,576-0165
Garrett English,Endocrinologist,tempor.erat.neque@hotmail.net,966-8173
Kirk Carr,Endocrinologist,pretium.neque@icloud.edu,650-3137
Nissim Noel,Endocrinologist,mauris@hotmail.edu,1-611-945-7434
Daphne Schneider,Endocrinologist,congue.a@google.ca,1-526-834-6312
Rachel Stark,Endocrinologist,erat@outlook.edu,827-5873
Xena Mcmahon,Endocrinologist,auctor.ullamcorper@icloud.com,903-7356
Kamal Wilkinson,Endocrinologist,tellus.non@icloud.edu,325-3263
Clarke Berry,Endocrinologist,tellus@yahoo.com,118-5023
Lev Hoffman,Endocrinologist,nullam.velit.dui@yahoo.edu,672-7751
Magee Briggs,Endocrinologist,cubilia@protonmail.org,1-802-163-6912
Sawyer Patel,Endocrinologist,quis.arcu@outlook.net,1-971-765-9686
Ocean Calhoun,Endocrinologist,sed.eu.nibh@yahoo.net,864-5636
Sybill Hale,Endocrinologist,id.erat@icloud.couk,370-2232
Noel Hays,Endocrinologist,non.feugiat@icloud.edu,794-4738
Quynn Carter,Endocrinologist,feugiat.nec@google.edu,321-9982
Ignacia Orr,Endocrinologist,tristique.pellentesque@hotmail.org,610-8832
Jerome Boyle,Endocrinologist,placerat@yahoo.edu,1-776-388-9406
Marah Holland,Endocrinologist,aliquet.phasellus@protonmail.edu,846-3243
Damon Hester,Endocrinologist,egestas.blandit.nam@aol.net,1-951-612-3529
Palmer Cooke,Endocrinologist,curabitur.consequat@google.org,662-6875
Charissa Hendrix,Endocrinologist,eget.volutpat@aol.couk,607-2655
Miranda Bender,Endocrinologist,placerat.augue@aol.net,629-0877
Ferris Ingram,Endocrinologist,mauris@outlook.ca,1-923-776-4022
Abbot Jensen,Endocrinologist,tempor@aol.net,1-891-274-1528
Mona Daugherty,Endocrinologist,massa@outlook.couk,751-4407
Travis Pickett,Endocrinologist,elementum.purus.accumsan@protonmail.edu,223-8233
Hunter Valdez,Endocrinologist,molestie@aol.com,1-261-215-4933
Dylan Cotton,Endocrinologist,rhoncus@hotmail.ca,414-1217
Ora Berg,Endocrinologist,vel.arcu.curabitur@outlook.org,179-2726
Kasimir Pugh,Endocrinologist,enim@outlook.org,963-9655
Bert Sims,Endocrinologist,ipsum@icloud.com,1-153-988-2494
Grant Cooke,Endocrinologist,lobortis.class.aptent@hotmail.net,689-7876
Chadwick Hunter,Endocrinologist,sollicitudin.orci.sem@yahoo.edu,1-448-850-8844
Jermaine Sweet,Endocrinologist,montes.nascetur@yahoo.ca,276-4915
Portia Rollins,Endocrinologist,dui.in.sodales@google.net,396-1732
Vernon Slater,Endocrinologist,turpis@protonmail.org,1-921-650-4031
Claudia Avila,Endocrinologist,turpis@hotmail.ca,361-8774
Garrett Mckee,Endocrinologist,in.ornare@aol.net,226-7526
Christian Poole,Endocrinologist,pharetra.felis.eget@icloud.net,1-966-625-4879
Samson Bond,Endocrinologist,libero@icloud.couk,362-8627
Pascale Small,Endocrinologist,nec@hotmail.com,1-171-401-0814
Lucy Collier,Endocrinologist,tellus.nunc@aol.couk,843-9574
Charlotte Flowers,Endocrinologist,ac.eleifend@outlook.org,670-9642
Ella Blevins,Endocrinologist,augue.eu.tempor@hotmail.com,1-825-118-9049
Jacob Simpson,Endocrinologist,augue@yahoo.org,1-554-783-8445
Nicole Ellis,Endocrinologist,accumsan.laoreet.ipsum@outlook.edu,475-7526
Armando Brown,Endocrinologist,ornare.egestas.ligula@aol.ca,759-1536
Jessamine Estrada,Endocrinologist,convallis@protonmail.edu,1-586-685-3664
Philip Parrish,Endocrinologist,dolor.nonummy@aol.org,579-6668
Tasha Sparks,Endocrinologist,sapien@outlook.net,648-5125
Shelby Bishop,Endocrinologist,cursus.integer.mollis@icloud.edu,1-232-638-2367
Quamar Buckner,Endocrinologist,sem.elit@yahoo.ca,775-2687
Owen Barber,Endocrinologist,pharetra@outlook.net,710-8936
Clinton Sykes,Endocrinologist,vel.turpis@hotmail.net,444-7515
Yoshio Hamilton,Endocrinologist,purus.ac@hotmail.couk,1-522-277-7625
Cade Bradshaw,Endocrinologist,tortor.nibh.sit@aol.com,267-7336
Desirae Vinson,Endocrinologist,fermentum@outlook.net,1-657-433-5288
Gage Fuentes,Endocrinologist,semper@icloud.couk,348-8859
Amery Pickett,Endocrinologist,semper.dui@protonmail.com,1-727-226-7535
Xantha Singleton,Endocrinologist,vehicula@aol.edu,1-272-487-8746
Rinah Johns,Endocrinologist,sed.dolor@hotmail.net,175-6649
Yvonne Shields,Endocrinologist,gravida.non@icloud.org,1-311-885-4231
Felix Gonzalez,Endocrinologist,morbi.vehicula.pellentesque@yahoo.org,518-5755
Wesley Berger,Endocrinologist,molestie.in@outlook.edu,1-558-358-9574
Zachery Coleman,Endocrinologist,sed@outlook.edu,480-8510
Tana Robles,Endocrinologist,per.conubia@protonmail.org,114-9637
Colorado Bruce,Endocrinologist,ligula.aenean.gravida@aol.couk,847-4741
Althea Fox,Endocrinologist,est.tempor@outlook.couk,263-7219
Grant Owens,Endocrinologist,hendrerit.neque.in@protonmail.edu,436-4386
Craig Estes,Endocrinologist,a.auctor.non@aol.net,1-951-944-3582
Yoshio O'Neill,Endocrinologist,pharetra.felis@hotmail.ca,1-155-851-4776
Rhona Deleon,Endocrinologist,nunc.interdum@google.couk,752-5499
Priscilla Frye,Endocrinologist,congue.turpis.in@icloud.edu,857-3916
Sophia Anthony,Endocrinologist,est.mauris@outlook.ca,352-4352
Salvador Stafford,Endocrinologist,tellus.sem@icloud.edu,913-5866
Christine Kidd,Endocrinologist,donec@yahoo.org,1-885-622-5414
Philip Velazquez,Endocrinologist,pharetra.nam.ac@icloud.edu,812-5147
Virginia Lambert,Endocrinologist,a@hotmail.net,1-615-622-2241
Jasper Payne,Endocrinologist,vel.mauris@outlook.org,584-1270
Candice Whitfield,Endocrinologist,sit@icloud.org,1-843-255-3772
Aurelia Parks,Endocrinologist,consequat.purus@protonmail.com,449-3876
Kameko Salas,Endocrinologist,nunc.sed@protonmail.com,1-265-355-2569
Kadeem Beard,Endocrinologist,quisque.purus.sapien@protonmail.couk,1-837-668-3878
Ivana Mclaughlin,Endocrinologist,scelerisque.dui.suspendisse@protonmail.com,1-438-289-5446
Alisa Summers,Endocrinologist,tempus@outlook.org,1-234-365-2115
Lacota Harmon,Endocrinologist,in@icloud.couk,1-373-468-9552
Emery Waters,Endocrinologist,egestas.sed@outlook.couk,663-5743
Norman Watkins,Endocrinologist,lobortis@icloud.com,1-900-671-8817
Garrett Oneil,Endocrinologist,vel.faucibus@outlook.ca,1-263-665-6975
Ima Whitney,Endocrinologist,eget.tincidunt.dui@yahoo.edu,1-457-781-9267
Teegan Mosley,Endocrinologist,aliquam.adipiscing.lobortis@hotmail.com,1-881-829-7864
Alfonso Vance,Endocrinologist,sem@outlook.edu,362-8697
Dexter Marquez,Endocrinologist,commodo.at@yahoo.ca,868-6080
Anika Boyle,Endocrinologist,risus.donec.egestas@google.net,814-3528
Bruce Talley,Endocrinologist,vel.faucibus@google.net,705-6226
Neil Lowe,Endocrinologist,nunc.est@icloud.net,551-1666
Charissa Farley,Endocrinologist,luctus@hotmail.ca,535-6212
Ronan Hahn,Endocrinologist,tincidunt.tempus.risus@hotmail.ca,289-8811
Shay Carey,Endocrinologist,maecenas.mi@aol.net,643-2210
Miriam Bruce,Endocrinologist,elit.elit@aol.ca,835-5463
Cameron Cotton,Endocrinologist,nibh.phasellus@outlook.org,1-800-121-2423
Aidan Hancock,Endocrinologist,cursus.vestibulum.mauris@yahoo.org,738-2118
Jackson Patrick,Endocrinologist,nisi.magna@protonmail.com,753-8865
Whoopi Koch,Endocrinologist,tellus.justo.sit@icloud.couk,885-1038
Rooney Gould,Endocrinologist,vestibulum.mauris.magna@google.ca,1-262-424-3885
Flynn Vang,Endocrinologist,lorem.lorem.luctus@aol.org,874-1222
Lucas Wood,Endocrinologist,vulputate.nisi@yahoo.org,654-5590
Cailin Giles,Endocrinologist,et@aol.net,1-315-927-3072
Constance Frederick,Endocrinologist,odio.sagittis@google.edu,762-1852
Theodore Banks,Endocrinologist,est.mollis@hotmail.edu,1-576-636-6016
Nita Riggs,Endocrinologist,tristique@google.com,578-7746
Martin Rogers,Endocrinologist,euismod@aol.com,1-717-808-1243
Cullen Rivas,Endocrinologist,et.magnis@outlook.edu,1-978-472-2773
Frances Mcbride,Endocrinologist,tortor.integer@protonmail.ca,805-2332
Hamilton Wooten,Endocrinologist,consequat.enim@hotmail.com,915-8825
Ishmael Pena,Endocrinologist,dui.nec@google.org,671-1661
Jacob Dixon,Endocrinologist,ipsum@yahoo.edu,1-587-602-5011
Patience Gallagher,Endocrinologist,orci.phasellus@hotmail.net,1-772-663-6871
Chester Berg,Endocrinologist,iaculis@aol.couk,268-4664
Isaiah Leblanc,Endocrinologist,sollicitudin.a@icloud.couk,1-452-218-1341
Winter Mcleod,Endocrinologist,fringilla.cursus@yahoo.net,1-290-411-4113
Forrest Cain,Endocrinologist,lectus.nullam@icloud.edu,1-184-611-2433
Quintessa Whitaker,Endocrinologist,ornare.lectus@aol.ca,1-608-190-1925
Cade Bentley,Endocrinologist,consectetuer@aol.org,222-7646
Kasimir Spears,Endocrinologist,dolor.quisque@hotmail.couk,427-9224
Xantha Scott,Endocrinologist,laoreet@outlook.couk,1-263-333-6115
Chanda Briggs,Endocrinologist,curae.donec@icloud.edu,1-454-835-2104
Amery Clements,Endocrinologist,pede.ultrices@icloud.couk,856-5412
Colette Stevens,Neurologists,urna@protonmail.com,1-415-568-9152
Gil Mcguire,Neurologists,conubia.nostra@outlook.com,617-6479
Kay Clayton,Neurologists,morbi.vehicula.pellentesque@icloud.edu,910-8271
Lawrence Ball,Neurologists,semper@google.org,267-3401
Tatum Norton,Neurologists,sed.nulla@protonmail.couk,614-2744
Steel Harper,Neurologists,dapibus@icloud.org,787-9657
Meredith Hale,Neurologists,etiam@icloud.ca,1-725-332-4644
Dorothy Pickett,Neurologists,nibh@outlook.ca,1-546-780-5703
Mollie Knapp,Neurologists,justo@protonmail.edu,137-9854
Guinevere Boyer,Neurologists,sit@hotmail.edu,1-417-972-6786
Claudia Cash,Neurologists,commodo.ipsum.suspendisse@yahoo.ca,811-1651
Jaquelyn Bauer,Neurologists,tincidunt.tempus@protonmail.com,1-558-217-2775
Cade Gamble,Neurologists,ullamcorper@google.org,1-910-736-6786
Isaiah Lambert,Neurologists,orci.tincidunt.adipiscing@protonmail.ca,1-886-788-0462
Maxwell Weeks,Neurologists,habitant@protonmail.net,1-762-720-1183
Alexis Nash,Neurologists,erat.volutpat@protonmail.net,361-8734
Brynne Brown,Neurologists,amet.consectetuer@outlook.net,913-5246
Clare Dillon,Neurologists,enim@hotmail.couk,425-2104
Olympia Hatfield,Neurologists,molestie.in@yahoo.com,915-0483
Solomon O'brien,Neurologists,adipiscing.fringilla.porttitor@aol.com,1-868-866-6521
May Byers,Neurologists,dignissim.maecenas@icloud.couk,1-379-257-9687
Deanna Price,Neurologists,ut.aliquam.iaculis@outlook.couk,945-7045
Athena Burton,Neurologists,aenean.sed.pede@icloud.couk,1-534-559-0175
Jasmine Wynn,Neurologists,erat.in@hotmail.ca,942-3772
Mia Stone,Neurologists,congue.turpis@aol.couk,683-2102
Ezekiel Dixon,Neurologists,aenean.gravida.nunc@icloud.couk,494-5787
Owen Sears,Neurologists,molestie.dapibus@google.edu,1-613-922-6414
Noble Meadows,Neurologists,arcu.aliquam.ultrices@protonmail.com,249-2875
Ashely Cross,Neurologists,aenean.sed.pede@outlook.edu,1-908-316-9615
Serena Shaw,Neurologists,vel.faucibus@hotmail.edu,1-314-353-2389
Lysandra Sullivan,Neurologists,aliquam.gravida@aol.net,264-3417
Thomas Wooten,Neurologists,sed.facilisis.vitae@outlook.com,822-0728
Ebony Gutierrez,Neurologists,volutpat.nunc@yahoo.ca,861-7605
Wyoming Chaney,Neurologists,orci.luctus@outlook.ca,1-863-136-1581
Rigel Marquez,Neurologists,a.nunc@icloud.com,1-963-323-2153
Lionel Peck,Neurologists,senectus.et@icloud.edu,1-262-958-4330
Ezekiel Berry,Neurologists,eu@aol.net,114-3582
Keelie Larsen,Neurologists,a.arcu@aol.ca,542-7556
Burton Merrill,Neurologists,vulputate@yahoo.org,1-783-673-3840
Elmo Sargent,Neurologists,proin.nisl@aol.com,714-0376
Callum Mcmillan,Neurologists,ac.urna@protonmail.ca,1-419-689-4727
Quamar Silva,Neurologists,nec.luctus.felis@yahoo.com,1-901-313-2764
Glenna Nielsen,Neurologists,dapibus.id@hotmail.couk,171-8575
Imani Mcguire,Neurologists,et.euismod@aol.ca,742-2671
Acton Nunez,Neurologists,erat.eget@aol.net,1-232-241-3412
Quinn Bennett,Neurologists,nec.urna@outlook.org,568-1641
Idola Marquez,Neurologists,eleifend@icloud.edu,798-7068
Jenette Frye,Neurologists,sem.mollis@google.net,859-8715
Ferris Hammond,Neurologists,donec@protonmail.ca,213-6772
Patience Emerson,Neurologists,enim.nunc.ut@protonmail.net,1-554-932-4743
Emery Roth,Neurologists,ante.maecenas.mi@icloud.com,417-3050
Kenneth Schneider,Neurologists,ligula.elit.pretium@google.net,707-5878
Lilah Olson,Neurologists,venenatis.lacus.etiam@icloud.ca,1-743-513-6500
Molly Delgado,Neurologists,dictum.placerat@hotmail.net,1-606-539-3571
Odette Whitfield,Neurologists,eget.lacus.mauris@google.edu,684-6969
Ferris Macias,Neurologists,sem.elit.pharetra@hotmail.edu,744-2757
Whitney Hopkins,Neurologists,sodales.nisi@protonmail.org,1-541-872-5739
Hayfa Willis,Neurologists,massa.lobortis@outlook.com,1-384-288-8762
Jordan Molina,Neurologists,malesuada.id@outlook.net,360-8047
Chelsea Kinney,Neurologists,parturient@aol.couk,1-178-843-2084
Driscoll Acevedo,Neurologists,consectetuer.ipsum@protonmail.couk,1-298-113-1681
Felicia Ford,Neurologists,turpis.in@yahoo.org,1-921-101-2112
Sydney Shannon,Neurologists,in.condimentum@aol.com,775-4430
Abigail Walls,Neurologists,magna.a.neque@hotmail.couk,442-0446
Justin Melendez,Neurologists,facilisis.vitae.orci@hotmail.com,1-113-478-7737
Teagan Carson,Neurologists,quis@protonmail.net,294-9784
Bradley Mcbride,Neurologists,ligula@outlook.ca,1-765-238-2503
Ariel Dennis,Neurologists,nulla@aol.ca,1-758-372-1538
Clayton Campbell,Neurologists,tincidunt.pede@aol.com,738-2945
Brett Acosta,Neurologists,penatibus.et@yahoo.couk,1-672-512-4280
Bevis Cannon,Neurologists,amet.lorem@hotmail.org,315-3639
Mohammad Brewer,Neurologists,nisi@yahoo.org,320-3357
Maya Figueroa,Neurologists,aenean.eget.magna@google.couk,1-712-826-1479
Hamish Cummings,Neurologists,suspendisse.eleifend@yahoo.org,1-332-417-2533
Karleigh Snider,Neurologists,egestas.sed@outlook.org,584-4953
Meredith Trevino,Neurologists,cum.sociis@aol.net,1-672-716-3144
Zeus Atkins,Neurologists,ullamcorper.nisl.arcu@aol.couk,1-470-207-4060
Sage Yates,Neurologists,ac@hotmail.ca,1-328-783-4046
Bradley Sellers,Neurologists,pellentesque.massa.lobortis@icloud.org,427-0847
Celeste Collins,Neurologists,augue@hotmail.couk,916-2105
Kellie Bartlett,Neurologists,eget@yahoo.net,1-462-635-0993
Damian Garner,Neurologists,felis.orci@aol.couk,681-4113
Elmo Stafford,Neurologists,scelerisque.dui@aol.edu,187-9161
Conan Gamble,Neurologists,metus@outlook.net,655-7945
Colette Williamson,Neurologists,orci@hotmail.couk,1-372-480-7750
Patrick Jefferson,Neurologists,sit@google.org,1-691-835-3744
Owen Brown,Neurologists,non@outlook.org,1-231-642-1770
Marvin Beach,Neurologists,eros@icloud.ca,1-216-742-6015
Carlos Ray,Neurologists,fermentum.fermentum@hotmail.net,843-1117
Summer Ballard,Neurologists,aenean@yahoo.net,1-162-535-3317
Freya Hogan,Neurologists,augue.eu@aol.net,1-522-713-1765
Fletcher Browning,Neurologists,nunc.id.enim@aol.edu,1-898-722-4138
Camille Palmer,Neurologists,sit@icloud.ca,757-0996
Vivian Whitley,Neurologists,et.tristique@icloud.com,334-5334
Eve Zamora,Neurologists,ut@google.org,753-3147
Orla Sanford,Neurologists,dolor@yahoo.ca,1-975-859-7045
Sarah Bender,Neurologists,mauris.morbi@outlook.net,504-7147
Zelenia Ratliff,Neurologists,ac.libero@outlook.net,271-6371
Gage Lang,Neurologists,ultrices.duis@aol.org,844-4373
Amanda Key,Neurologists,luctus.aliquet.odio@protonmail.couk,987-5070
Quynn Juarez,Neurologists,lectus.rutrum@protonmail.couk,1-665-681-5667
Samantha Gallegos,Neurologists,luctus.lobortis@yahoo.couk,1-856-539-8825
Angela Snow,Neurologists,ullamcorper@aol.ca,1-823-532-3266
Leroy Carey,Neurologists,hendrerit.donec@outlook.net,1-618-734-3648
Kane Gibson,Neurologists,quam.quis.diam@google.com,287-2182
Vance Hewitt,Neurologists,ipsum.suspendisse@google.couk,638-5894
Cyrus Casey,Neurologists,diam.at.pretium@outlook.edu,761-1864
Driscoll Melendez,Neurologists,nunc.lectus@hotmail.com,1-221-811-8907
William Lane,Neurologists,lorem.ac@outlook.couk,645-6054
Fritz Lott,Neurologists,lobortis.tellus@outlook.net,1-648-201-8347
Barbara Rivers,Neurologists,ipsum.leo.elementum@protonmail.org,350-9321
Marsden Diaz,Neurologists,quisque.nonummy@protonmail.com,437-7627
Lillith Berg,Neurologists,neque.sed.sem@aol.edu,958-4882
Donovan Kerr,Neurologists,mauris.rhoncus@outlook.org,417-4332
Tate Carey,Neurologists,dictum.placerat.augue@google.com,916-1444
Berk Hansen,Neurologists,nibh.enim.gravida@yahoo.edu,365-7646
Farrah Stokes,Neurologists,lacus.aliquam.rutrum@hotmail.ca,1-532-425-4422
Stone Savage,Neurologists,est.tempor@outlook.ca,1-234-944-6844
Ryan Rodriquez,Neurologists,lacus@hotmail.org,1-542-456-0643
Adam Daniels,Neurologists,ac@aol.com,1-311-434-1445
Geoffrey Singleton,Pulmonologists,eu.placerat@protonmail.couk,1-372-731-2908
Riley Harper,Pulmonologists,proin.dolor@hotmail.ca,317-6286
Cameran Vaughan,Pulmonologists,sed.est@icloud.ca,1-626-664-2585
Sawyer Kirkland,Pulmonologists,at.augue@outlook.edu,1-294-850-5756
Riley Parker,Pulmonologists,ut.cursus@hotmail.couk,546-4748
Garth Raymond,Pulmonologists,egestas.rhoncus@outlook.edu,964-2646
Lillian Mcgee,Pulmonologists,bibendum@hotmail.ca,721-4725
Brenda Russo,Pulmonologists,mauris.magna@icloud.couk,264-1283
Brielle Page,Pulmonologists,et.commodo@protonmail.org,1-267-858-3938
Caesar Witt,Pulmonologists,nulla.eget.metus@icloud.edu,315-3367
Sharon Witt,Pulmonologists,a.neque@protonmail.edu,1-765-712-8462
Skyler Gibson,Pulmonologists,enim.sit@outlook.couk,562-2566
Madeson Vaughan,Pulmonologists,tortor.at.risus@icloud.edu,1-216-957-7273
Sade Adkins,Pulmonologists,iaculis.lacus@outlook.net,640-5245
Mercedes Jarvis,Pulmonologists,blandit.enim@aol.ca,385-6422
Shelby Mccormick,Pulmonologists,ante.nunc.mauris@google.org,1-272-271-0516
Ria Osborne,Pulmonologists,tempor.lorem.eget@aol.net,1-629-829-7174
Elijah Kirby,Pulmonologists,mauris.blandit@protonmail.ca,455-4826
Slade David,Pulmonologists,ac.eleifend@google.edu,1-825-820-5741
Kyra David,Pulmonologists,erat.eget@outlook.edu,378-7260
Jada Burris,Pulmonologists,molestie.tortor@google.ca,556-2733
Cally Wooten,Pulmonologists,faucibus.orci@icloud.ca,856-4122
Kane Mason,Pulmonologists,elit.pellentesque@google.ca,1-885-861-1881
Valentine Wyatt,Pulmonologists,lorem@outlook.couk,358-9838
Azalia Mosley,Pulmonologists,quisque.libero@protonmail.org,1-736-872-1646
Silas Martin,Pulmonologists,adipiscing@hotmail.edu,1-814-345-8939
Nell George,Pulmonologists,fames.ac@google.org,170-1614
Rowan Parsons,Pulmonologists,lorem.semper@outlook.com,254-2497
Aileen Schroeder,Pulmonologists,accumsan.laoreet.ipsum@hotmail.com,526-2874
Kylee Washington,Pulmonologists,duis@google.edu,263-0643
Hector Joseph,Pulmonologists,fermentum.arcu@icloud.edu,1-673-269-9122
Noble Oliver,Pulmonologists,nec.mauris@hotmail.org,1-748-870-3212
Patrick Chang,Pulmonologists,pellentesque@hotmail.net,1-467-683-4628
Leilani Taylor,Pulmonologists,libero.et.tristique@google.ca,876-7148
Merritt Hinton,Pulmonologists,sed.et@aol.couk,934-9279
Amaya Casey,Pulmonologists,vulputate.lacus@hotmail.couk,1-771-271-5725
Olympia Powell,Pulmonologists,est.nunc@google.edu,777-0801
Serena Leonard,Pulmonologists,at@protonmail.ca,567-5486
Bruce Branch,Pulmonologists,lacus.varius@google.org,825-5085
Tanisha Duncan,Pulmonologists,proin.vel.arcu@hotmail.net,1-635-324-2808
Emerson Hodges,Pulmonologists,taciti.sociosqu@aol.ca,1-372-607-8002
Wallace Allison,Pulmonologists,nunc@protonmail.ca,832-5252
Gage Rivera,Pulmonologists,fringilla.porttitor@google.com,1-703-566-3353
Alisa Eaton,Pulmonologists,erat.volutpat@hotmail.couk,558-1214
Ahmed Garner,Pulmonologists,dis.parturient@protonmail.edu,655-1461
Shoshana Wall,Pulmonologists,dui.suspendisse@icloud.net,1-652-711-6958
Colt Scott,Pulmonologists,sit.amet@google.edu,1-369-976-2350
Quentin Sparks,Pulmonologists,ut.lacus@aol.com,716-2327
Caryn Middleton,Pulmonologists,vivamus.nibh@aol.com,241-6416
Carly Whitney,Pulmonologists,litora@hotmail.edu,659-4225
Alan Madden,Pulmonologists,aliquam.eros@hotmail.net,614-3213
Lucy Christian,Pulmonologists,posuere.enim.nisl@protonmail.couk,1-238-524-1469
Unity Castillo,Pulmonologists,leo@hotmail.ca,1-823-863-5614
Selma Walters,Pulmonologists,arcu.sed@hotmail.com,1-215-362-7534
Kasimir Glenn,Pulmonologists,donec@yahoo.org,531-8933
Jesse Banks,Pulmonologists,natoque.penatibus@hotmail.couk,1-225-523-7578
Yasir Sullivan,Pulmonologists,risus@google.edu,774-2430
Russell Buckner,Pulmonologists,eu.enim.etiam@icloud.org,1-359-737-4375
Mason Woodard,Pulmonologists,suspendisse.aliquet.molestie@protonmail.net,405-2187
Kessie Harris,Pulmonologists,est.arcu@aol.com,1-788-497-6114
Cyrus George,Pulmonologists,mauris.magna.duis@protonmail.ca,759-1356
Duncan Finch,Pulmonologists,proin.vel@yahoo.couk,436-3219
Shay Calhoun,Pulmonologists,enim.condimentum@hotmail.org,400-8381
Christian Roman,Pulmonologists,sodales@google.net,856-7218
Violet Puckett,Pulmonologists,libero.est.congue@protonmail.edu,1-508-921-5851
Kitra Pratt,Pulmonologists,vel.pede.blandit@icloud.net,155-0500
Colt Ewing,Pulmonologists,dictum.eleifend@outlook.edu,788-4126
Octavia Ryan,Pulmonologists,ultrices.sit@hotmail.ca,1-938-725-5945
Jorden Davis,Pulmonologists,nulla@hotmail.com,1-515-332-2774
Sylvester Powell,Pulmonologists,nunc.risus@yahoo.edu,995-0836
Shay Prince,Pulmonologists,sed.pede@aol.ca,294-4430
Shellie Fletcher,Pulmonologists,tempor.est@yahoo.ca,406-1836
Noah Lowe,Pulmonologists,iaculis.nec.eleifend@protonmail.org,852-3519
Beatrice Griffin,Pulmonologists,mi@yahoo.ca,645-9613
Fredericka Love,Pulmonologists,faucibus.ut@aol.net,242-5757
Chaney Clements,Pulmonologists,lacus.ut.nec@yahoo.couk,1-366-826-6678
Hayden Richard,Pulmonologists,nisi.mauris@icloud.ca,1-881-509-5643
Mufutau Noble,Pulmonologists,vivamus.non@protonmail.org,262-7181
Xandra Shaw,Pulmonologists,lobortis.ultrices.vivamus@outlook.com,1-314-438-1056
Shelly Mcfarland,Pulmonologists,neque@yahoo.ca,1-673-582-6714
Charlotte Foster,Pulmonologists,urna.suscipit.nonummy@yahoo.edu,238-9656
Samantha Tran,Pulmonologists,vulputate.nisi@hotmail.net,263-9635
Barrett Cain,Pulmonologists,nec@icloud.couk,735-2215
Ivy Freeman,Pulmonologists,tincidunt.donec@protonmail.net,1-667-488-9138
Ivory Morrison,Pulmonologists,laoreet@icloud.edu,858-4279
Wallace Barton,Pulmonologists,ultricies.ligula@outlook.couk,1-680-333-4201
Mary Lindsey,Pulmonologists,posuere.vulputate@yahoo.net,505-0765
Thomas Marshall,Pulmonologists,gravida.nunc.sed@yahoo.com,222-6146
Alden Duffy,Pulmonologists,turpis.vitae@aol.net,1-966-364-6561
Hedley Santos,Pulmonologists,nisi@outlook.org,135-5142
Kaitlin Nichols,Pulmonologists,consectetuer.adipiscing@protonmail.net,1-321-288-8557
Ferris Cervantes,Pulmonologists,ultrices@yahoo.org,985-1379
Cheyenne Decker,Pulmonologists,non.dapibus.rutrum@google.net,134-0673
George Kaufman,Pulmonologists,dis.parturient.montes@aol.couk,1-653-238-0279
Lester Fleming,Pulmonologists,sed.sem.egestas@icloud.net,1-585-457-6221
Carter Hobbs,Pulmonologists,donec.egestas@google.couk,1-660-748-5735
Ima Bradford,Pulmonologists,eu.euismod@aol.org,517-9582
Jamalia Joyce,Pulmonologists,nulla@yahoo.com,1-847-122-1129
Darius Stuart,Pulmonologists,iaculis.nec@protonmail.org,1-373-363-3017
Colton Macias,Pulmonologists,egestas.a.scelerisque@aol.com,587-8664
Hector Wilcox,Pulmonologists,integer.urna@icloud.ca,254-2144
Colette Salazar,Pulmonologists,per.conubia@protonmail.com,616-0707
Brynn Galloway,Pulmonologists,nibh.lacinia.orci@icloud.com,1-865-715-3299
Elijah Powers,Pulmonologists,fusce.mollis@outlook.com,1-949-867-0261
Fitzgerald Randolph,Pulmonologists,commodo.hendrerit@outlook.couk,534-4521
Winter Mcintyre,Pulmonologists,fermentum.metus@google.couk,521-3322
Brady Guzman,Pulmonologists,proin.vel@google.org,265-6802
Iris Sosa,Pulmonologists,accumsan.neque@google.ca,331-2064
Price Powell,Pulmonologists,gravida.sagittis@protonmail.net,804-7564
Carter Soto,Pulmonologists,sagittis@aol.org,1-578-188-5162
Iris O'connor,Pulmonologists,ipsum.sodales.purus@protonmail.ca,1-558-513-1320
Patricia Manning,Pulmonologists,est.congue@icloud.com,1-412-549-3997
Athena Dickerson,Pulmonologists,donec@icloud.edu,474-1871
Victoria Adams,Pulmonologists,neque.nullam@aol.ca,1-408-619-7401
Brian Smith,Pulmonologists,nullam.feugiat.placerat@icloud.net,1-875-217-8859
Thor Vincent,Pulmonologists,tincidunt.dui.augue@aol.net,524-4302
Jacob Barr,Pulmonologists,suspendisse@hotmail.org,237-2964
Jamal Dominguez,Pulmonologists,malesuada.malesuada@icloud.com,325-6050
Kameko Young,Pulmonologists,primis.in.faucibus@icloud.couk,386-7226
Noble Ward,Pulmonologists,justo.praesent.luctus@outlook.com,131-0157
Maile Cortez,Pulmonologists,nunc.est.mollis@hotmail.com,375-2462
Gillian Casey,Pulmonologists,mauris.a.nunc@yahoo.net,1-911-317-1365
Kaseem Morse,Pulmonologists,ut.molestie@aol.com,670-0637
Thane Fuentes,Pulmonologists,mi@icloud.edu,702-7013
Chaney Mayo,Pulmonologists,elit@aol.couk,1-675-576-6173
Chase Chen,Pulmonologists,eu.eros@hotmail.org,812-3046
